NOM,devoir
NOM,neo
ADJ,classique
NOM,mode
VER:pres,prendre
NOM,quartier
NOM,automne
VER:pres,centre
ADJ,canadien
NOM,lieu
VER:pper,rêver
NOM,éternel
ADJ,classique
VER:pper,traverser
NOM,air
NOM,temps
VER:pres,empreindre
NOM,modernité
VER:pres,stvle
NOM,individualité
VER:pres,idée
NOM,rélégance
ADJ,mh
VER:infi,adopter
NOM,photo
ADJ,monic
NOM,richard
NOM,mmm
ADJ,ig
ADJ,ptni
NOM,ip
VER:pres,silhouetter
NOM,saison
VER:pper,styler
NOM,corps
NOM,dandy
NOM,lady
ADJ,savant
VER:pres,mélanger
NOM,rigueur
NOM,fluidité
VER:pper,créer
NOM,hélène
NOM,barbeau
NOM,revenge
ADV,dolce
VER:simp,donner
NOM,crêpe
NOM,laine
ADJ,marron
VER:pper,composer
NOM,redingote
VER:pper,ponctuer
VER:pres,bouter
NOM,pantalon
VER:pper,fuseler
NOM,fluidité
NOM,chemisier
NOM,col
VER:pper,volanter
VER:pres,crêper
NOM,soie
ADJ,petit
NOM,pois
VER:pper,associer
VER:pres,écharper
NOM,soie
ADJ,blanc
VER:pper,rayer|rayer
ADJ,griffé
NOM,laurel
NOM,ii
ADJ,pwgj
VER:simp,ss
NOM,sés
VER:pper,rire
ADJ,foisr
NOM,sèm
ADJ,sbpfc
ADJ,hjteêê
NOM,iy
NOM,yc
ADJ,kaki
ADJ,bleu
VER:pres,ardoiser
ADJ,gauche
NOM,association
ADJ,personnel
NOM,couleur
VER:infi,donner
NOM,envie
VER:infi,délaisser
ADJ,noir
ADJ,marin
NOM,jour
NOM,manteau
ADJ,militaire
NOM,carrure
VER:pper,parfaire
VER:pres,mélanger
NOM,laine
ADJ,vierge
VER:pper,signer
NOM,jean
NOM,claude
VER:futu,poitras
ADJ,ogilvy
NOM,redingote
VER:pres,lainer
NOM,col
VER:pper,arrondir
VER:pper,orner
ADJ,large
NOM,bouton
ADJ,métallique
VER:pper,créer
NOM,laurèl
VER:pper,porter
NOM,pantalon
VER:pres,lainer
VER:pper,griffer
NOM,teenflo
ADV,dolce
VER:simp,donner
NOM,cleo
ADJ,maud
VER:pres,écharper
NOM,laine
NOM,motif
NOM,cachemire
VER:pper,dessiner
ADJ,sybille
NOM,landurie
NOM,holt
NOM,renfrew
VER:pres,botter
NOM,cuir
NOM,cognac
VER:pper,tirer
NOM,collection
ADJ,joan
NOM,david
ADJ,ogilvy
ADJ,actuel
NOM,superposition
ADJ,inattendu
VER:pres,lainer
ADJ,brut
NOM,velours
ADJ,fin
VER:infi,porter
NOM,décontraction
NOM,surveste
VER:pres,couper
ADJ,généreux
NOM,laine
VER:pper,texturer
ADJ,large
NOM,carreau
NOM,ocre
ADJ,gris
VER:pper,assortir
NOM,gilet
VER:pper,ganser
ADJ,noir
VER:pper,signer
NOM,turbulence
NOM,simon
NOM,sebag
NOM,splash
NOM,seto
ADJ,grand
NOM,magasin
NOM,chemise
VER:pres,lainer
VER:pper,chiner
NOM,collection
ADJ,matinique
ADJ,velleno
NOM,cour|cours
VER:simp,terrer
ADJ,nostra
NOM,pantalon
NOM,velours
ADJ,noir
VER:pper,signer
VER:pper,dénommer
VER:pres,vincent
NOM,revenge
ADJ,bai
NOM,splash
NOM,bottillon
NOM,cuir
ADJ,noir
VER:pres,lisser
ADJ,brown
NOM,holt
NOM,renfrew
NOM,chaussette
VER:pres,lainer
NOM,old
VER:infi,river
NOM,stylisme
NOM,colette
VER:pres,chicoine
VER:pper,assister
ADJ,danièle
NOM,bruneau
NOM,coiffure
NOM,bertrand
NOM,expression
NOM,beauté
NOM,maquillage
NOM,mélanie
NOM,champagne
VER:pres,agencer
VER:pper,giovanni
NOM,mannequin
VER:simp,margareta
NOM,folio
NOM,denis
NOM,davicino
NOM,specs
NOM,réalisation
NOM,manon
VER:pres,tenir
VER:infi,remercier
ADV,vivement
ADJ,mme
NOM,phyllis
NOM,lambert
VER:simp,permettre
VER:infi,réaliser
NOM,reportage
NOM,mode
NOM,cadre
VER:ppre,inspirer
NOM,centre
ADJ,canadien
NOM,architecture
VER:pres,centre
VER:pper,muser
VER:pper,consacrer
NOM,histoire
ADJ,oik
NOM,koi
NOM,ii
NOM,ii
NOM,ii
VER:pres,imager
NOM,capteur
VER:pper,inspirer
NOM,patrice
VER:pper,masser
VER:pres,adonner
NOM,photographie
NOM,mode
NOM,bonheur
NOM,exclusivité
VER:infi,devoir
VER:pper,extraire
NOM,portfolio
NOM,photo
ADJ,évocateur
NOM,univers
ADJ,révélateur
VER:infi,écrire
NOM,lumière
NOM,an
NOM,poussière
NOM,patrice
VER:pper,masser
VER:pres,résumer
NOM,quête
VER:pper,absoudre
NOM,simplicité
VER:pres,reconnaître
NOM,travail
NOM,composition
VER:pper,épurer
NOM,femme
NOM,regard
ADJ,lointain
NOM,sensualité
ADJ,intérieur
NOM,déclic
VER:pres,réussir
VER:infi,capter
VER:pper,rité
NOM,émotion
ADV,jamais
VER:infi,céder
VER:pper,faciliter
NOM,bohême
VER:pper,raisonner
ADJ,perfectionniste
ADJ,imprévisible
VER:pres,développer
NOM,tirage
VER:pres,choisir
NOM,œil
VER:pper,avertir
NOM,mannequin
ADJ,célèbre
VER:pper,parfaire
ADJ,inconnu
VER:pres,shooter
NOM,heure
NOM,jour
VER:pres,nuire
NOM,vibration
VER:pres,renouveler
VER:infi,voir
NOM,mode
NOM,univers
NOM,femme
VER:pres,porter
VER:pper,paraître
NOM,magazine
NOM,préférence
NOM,clin
VER:pper,choisir
VER:infi,hésiter
NOM,photo
VER:pres,représenter
VER:pres,chercher
VER:infi,atteindre
NOM,photo
VER:pres,équilibrer
NOM,image
VER:pres,répondre
ADJ,gratuit
NOM,raison
NOM,air
ADJ,méditatif
NOM,mannequin
NOM,sensualité
VER:pper,retenir
NOM,mouvement
NOM,chemisier
NOM,sérénité
NOM,décor
VER:pper,tirer
NOM,métier
NOM,photographe
NOM,thème
NOM,photo
NOM,reportage
NOM,mode
VER:pper,réaliser
VER:simp,cuber
VER:pper,commencer
VER:infi,travailler
VER:pper,apercevoir
ADV,vite
VER:infi,faire
ADJ,bon
NOM,photo
ADJ,simple
VER:infi,réussir
NOM,série
NOM,chemisier
ADJ,blanc
NOM,histoire
NOM,métier
VER:pres,inventer
VER:pres,réinventer
NOM,jour
VER:infi,saisir
NOM,moment
VER:pres,arriver
NOM,studio
VER:pres,idées
VER:pper,blies
NOM,direction
NOM,tête
NOM,affût
ADJ,inattendu
ADJ,petit
NOM,émotion
VER:pres,passer
NOM,regard
NOM,spontanéité
NOM,geste
NOM,vérité
VER:pres,imager
NOM,complicité
ADJ,immédiat
NOM,moment
VER:pres,passer
ADV,vite
ADJ,arrivé
NOM,passage
NOM,yasmeen
ADJ,montréal
NOM,heure
VER:infi,prendre
NOM,photo
NOM,studio
NOM,heure
VER:pres,peiner
VER:infi,établir
NOM,complicité
VER:infi,capter
NOM,émotion
NOM,regard
VER:infi,traduire
NOM,rigueur
NOM,vêtement
VER:impf,porter
ADV,heureusement
VER:pres,connaître
NOM,premier
VER:infi,faire
VER:infi,travailler
NOM,début
ADJ,magnifique
VER:pper,savoir
VER:infi,garder
NOM,intensité
NOM,farouche
ADJ,singulier
VER:infi,faire
VER:pper,compliquer
VER:pper,annnées
VER:pper,apprendre
VER:infi,simplifier
NOM,travail
VER:pres,méfier
ADJ,technique
NOM,éclairage
VER:pper,compliquer
NOM,tionnalisme
VER:pper,trouver
VER:infi,éclairer
ADJ,simple
ADJ,clean
NOM,monde
VER:pres,choser
NOM,cor|cors
ADJ,accessoire
NOM,vêtement
NOM,émotion
ADJ,présent
ADJ,palpable
NOM,recherche
VER:pres,devenir
ADJ,inutile
NOM,parfait
ADJ,inconnu
VER:pres,aimer
VER:infi,travailler
NOM,top
VER:pres,arriver
VER:infi,réaliser
NOM,reportage
NOM,mode
NOM,homme
NOM,femme
ADV,jamais
VER:pper,poser
VER:pres,aimer
NOM,caractère
VER:pres,primer
NOM,regard
VER:infi,boutonner
NOM,veste
ADJ,intact
VER:pper,liter
ADV,jamais
VER:pres,musiquer
VER:infi,faire
NOM,photo
VER:pres,musiquer
ADJ,impensable
NOM,musique
VER:subp,aider
VER:infi,créer
NOM,atmosphère
VER:ppre,donner
NOM,direction
VER:pres,équiper
NOM,musique
VER:pres,apaiser
VER:pres,allumer
ADJ,sique
NOM,partie
VER:pres,imager
NOM,train
ADJ,consluire
NOM,photo
VER:pper,rater
VER:pres,tenir
NOM,chose
VER:pres,manquer
NOM,équilibre
VER:pres,équilibrer
VER:infi,atteindre
VER:infi,savoir
NOM,chose
NOM,interaction
NOM,élément
NOM,image
ADJ,thentique
ADJ,touchant
NOM,attention
VER:infi,voir
NOM,table
ADJ,politically
ADJ,correct
NOM,goût
NOM,jour
ADJ,synonyme
VER:pres,équilibrer
NOM,image
NOM,mode
ADJ,prétexte
NOM,mode
VER:pres,prétexter
VER:infi,photographier
NOM,visage
ADJ,moyen
NOM,expression
ADJ,sible
NOM,travail
VER:pres,consister
VER:infi,montrer
NOM,ments
VER:pper,porter
ADJ,ressenti
NOM,photo
NOM,mode
VER:infi,contenir
NOM,message
ADJ,vide
VER:pres,sentir
NOM,parfum
NOM,grès
NOM,pari
VER:infi,photographier
VER:infi,écrire
NOM,lumière
NOM,manon
VER:subi,im
NOM,ii
NOM,ii
NOM,ii
VER:subi,it
NOM,iii
NOM,ii
NOM,manteau
NOM,vie
ADJ,sensible
ADJ,nombreux
NOM,demande
NOM,alficiosv
NOM,nados
NOM,jean
NOM,claude
VER:futu,poitras
VER:pper,remettre
NOM,création
NOM,homme
NOM,manteau
NOM,trenchs
VER:impf,reprocher
VER:infi,dessiner
NOM,manteau
NOM,carrure
NOM,mannequin
VER:pres,proposer
NOM,forme
VER:pper,couper
NOM,alpaga
NOM,mire
VER:pres,convenir
NOM,silhouette
ADJ,masculin
VER:infi,rhabiller
ADJ,conservateur
NOM,côté
NOM,couleur
VER:pper,chiner
VER:pres,venir
VER:infi,réchauffer
NOM,ien
VER:infi,faire
ADJ,chic
NOM,dandy
ADJ,berbère
NOM,itionnalisme
NOM,règne
VER:ppre,passer
NOM,style
ADJ,urbain
NOM,mode
ADJ,masculin
NOM,contraction
NOM,look
NOM,gentleman
ADJ,anthracite
ADJ,grège
NOM,reusement
VER:pres,exister
NOM,griffe
NOM,mer
NOM,nouveauté
VER:pres,surchemise
NOM,collection
NOM,innovation
VER:pres,réussir
VER:infi,faire
VER:pres,enfiler
VER:pper,entrer
NOM,pull
NOM,veston
VER:pper,déstructurer
ADJ,conservateur
NOM,cas
ADJ,souple
NOM,épaulette
NOM,entoilage
NOM,turbulence
NOM,simon
VER:subi,sebag
VER:infi,porter
NOM,saison
NOM,saison
VER:pres,donner
VER:infi,oublier
ADJ,longue
NOM,écharpe
NOM,homme
ADV,vraiment
ADJ,tissé
NOM,chevron
NOM,gilet
VER:infi,biller
ADJ,nouveau
NOM,état
VER:pper,devenir
ADJ,inséparable
NOM,tion
NOM,métissage
ADV,fort
VER:pper,réussir
VER:ppre,aller
NOM,turbulence
NOM,tionnels
ADJ,marron
NOM,grès
NOM,arvm
ADJ,rituel
ADJ,complet
NOM,compliqué
ADJ,cline
VER:pper,produire
ADJ,apte
NOM,simplicité
VER:infi,combler
NOM,envie
NOM,savon
NOM,jardin
VER:pper,concevoir
VER:pres,ligne
NOM,perle
NOM,bain
NOM,gel
VER:pres,doucher
NOM,soin
ADJ,masculin
VER:pres,baser
NOM,pooing
ADJ,nécessaire
NOM,rasage
VER:pres,huiler
NOM,senteur
ADJ,frais
VER:pper,boiser
NOM,cèdre
NOM,massage
NOM,talc
ADJ,déodorant
ADJ,bleu
NOM,tête
NOM,violon
NOM,sousbois
VER:pres,feuille
NOM,lierre
VER:pper,ei
VER:simp,din
NOM,marin
VER:pper,offrir
VER:pres,ligne
NOM,soin
NOM,sac
NOM,besace
NOM,gibecière
NOM,havresac
NOM,sac
NOM,cuir
ADJ,étranger
NOM,génie
ADJ,créateur
NOM,designer
NOM,rugbyl
VER:pper,concevoir
VER:infi,séduire
NOM,vie
ADJ,facile
NOM,adepte
ADJ,nouveau
NOM,collection
VER:pres,afficher
ADJ,beau
NOM,cuir
VER:pres,savoir
VER:infi,traverser
NOM,temps
NOM,caractère
VER:pres,trouver
NOM,simard
NOM,voyer
NOM,pegabo
ADJ,brown
NOM,visage
ADJ,petit
NOM,format
ADV,fort
ADJ,pratique
NOM,voyage
NOM,photo
ADJ,monic
NOM,richard
NOM,soin
VER:pper,muscler
VER:pres,mousser
VER:infi,raser
NOM,homme
VER:pres,couvrir
NOM,confort
NOM,soin
ADJ,sage
VER:pper,produire
VER:pper,proposer
ADV,discrètement
VER:pper,parfumer
NOM,note
NOM,eau
VER:pres,toiletter
VER:pper,préférer
NOM,luxe
NOM,femme
ADJ,droit
NOM,tion
NOM,émulsion
NOM,aprèsrasage
ADJ,apaisant
NOM,alcool
NOM,tsar
NOM,van
NOM,cleef
NOM,arpels
VER:simp,chit
NOM,épiderme
ADJ,calme
ADV,vraiment
ADJ,feu
NOM,soir
ADJ,fluide
VER:ppre,hydrater
NOM,drakkar
ADJ,noir
NOM,guy
VER:pres,laroche
VER:pper,mettre
NOM,mance
ADJ,liposomes
ADJ,complexe
NOM,hyperhydratant
ADJ,actif
VER:ppre,apaiser
NOM,filtre
ADJ,solaire
VER:infi,attaquer
VER:pper,naître
NOM,brin
NOM,fantaisie
NOM,lotion
NOM,aprèsrasage
ADJ,insensé
NOM,givenchy
VER:pres,éveiller
ADV,divinement
NOM,sen|sens
NOM,cl
VER:pper,offrir
ADV,également
NOM,flacon
ADJ,vapo
ADJ,masculin
NOM,fragrance
NOM,polo
ADJ,crest
ADJ,ralph
NOM,lauren
VER:subi,ve
NOM,talc
ADJ,surfin
VER:pres,clore
NOM,élégance
ADJ,rituel
VER:pres,doucher
ADJ,rasant
NOM,lotion
NOM,lori|loris
NOM,azzaro
NOM,rasage
ADJ,électrique
ADJ,clinique
ADJ,tonique
NOM,pari
NOM,souhait
VER:pres,réconforter
NOM,peau
ADV,fraîchement
VER:pper,raser
VER:infi,picoter
VER:infi,tirailler
NOM,parfum
NOM,tflafibbmfibs
